{"h": {"bandwidth": 0.21625000000000003, "kernel": "gaussian", "p_I": 0.4112826116650731, "symmetric": true}, "i": {"bandwidth": 0.17500000000000002, "kernel": "gaussian", "p_I": 0.3168845775340925, "symmetric": true}}